URL,Enabled
https://en.wikipedia.org/wiki/List_of_Netflix_original_programming,true
https://en.wikipedia.org/wiki/List_of_HBO_original_programming#Upcoming_programming,true
https://en.wikipedia.org/wiki/List_of_HBO_Max_original_programming,true
https://en.wikipedia.org/wiki/List_of_Apple_TV%2B_original_programming,true
https://en.wikipedia.org/wiki/List_of_Paramount%2B_original_programming,true
https://en.wikipedia.org/wiki/List_of_Disney%2B_original_programming,true
https://en.wikipedia.org/wiki/List_of_Hulu_original_programming,true
https://en.wikipedia.org/wiki/List_of_Peacock_original_programming,true
https://en.wikipedia.org/wiki/List_of_Amazon_Prime_Video_original_programming,true
https://en.wikipedia.org/wiki/List_of_MGM%2B_original_programming,true
https://en.wikipedia.org/wiki/List_of_Discovery%2B_original_programming,true
https://en.wikipedia.org/wiki/List_of_Starz_original_programming,true
https://en.wikipedia.org/wiki/List_of_programs_broadcast_by_FX,true
https://en.wikipedia.org/wiki/List_of_programs_broadcast_by_AMC,true